,Target,Effect Size,P-Value
0,Aditya,0.18,0.26159956338687507
1,mountain,0.86,0.0011379029901893434
2,movie,0.37,0.09305470106078806
3,murderer,-0.92,0.9993508329517151
